﻿mtge_info_orig_source_name,mgcr_request_register_date,entity_name,state_name,branch_division_name,mortgage_destination_name,MONTO,mgcr_inst_gen_ctrct_number,mejoravit_mtge_prdt_mark_type,mgcr_own_comm_network_type,mgcr_balance_goal_amount,mgcr_operation_goal_number,mgcr_sum_total_amount,mgcr_oper_sum_total_number,mgcr_weighted_tax_amount,contract_register_branch_name,mortgage_line_type,mgcr_limit_range_desc,mortgage_total_balance_amount,ppty_township_name
Aforo,01/01/2020,Afirme,Aguascalientes,Bajio,2. Adquisicion de vivienda,,1.0,0.0,,,,,,,,,Entre 25 y 50 %,,
Aforo,01/01/2020,Afirme,Aguascalientes,Bajio,2. Adquisicion de vivienda,,1.0,0.0,,,,,,,,,Mas de 50 y hasta 60%,,
Aforo,01/01/2020,Afirme,Aguascalientes,Bajio,2. Adquisicion de vivienda,,1.0,0.0,,,,,,,,,Mas de 80 y hasta 90%,,
Aforo,01/01/2020,Afirme,Aguascalientes,Bajio,8. Creditos Hipotecarios (incluye destinos del credito 0+1+2+3+7),,1.0,0.0,,,,,,,,,Entre 25 y 50 %,,
Aforo,01/01/2020,Afirme,Aguascalientes,Bajio,8. Creditos Hipotecarios (incluye destinos del credito 0+1+2+3+7),,1.0,0.0,,,,,,,,,Mas de 50 y hasta 60%,,
Aforo,01/01/2020,Afirme,Aguascalientes,Bajio,8. Creditos Hipotecarios (incluye destinos del credito 0+1+2+3+7),,1.0,0.0,,,,,,,,,Mas de 80 y hasta 90%,,
Aforo,01/01/2020,Afirme,Baja California,Noroeste,2. Adquisicion de vivienda,,1.0,0.0,,,,,,,,,Mas de 60 y hasta 70%,,
Aforo,01/01/2020,Afirme,Baja California,Noroeste,2. Adquisicion de vivienda,,2.0,0.0,,,,,,,,,Mas de 70 y hasta 80%,,
Aforo,01/01/2020,Afirme,Baja California,Noroeste,2. Adquisicion de vivienda,,1.0,0.0,,,,,,,,,Mas de 80 y hasta 90%,,
Aforo,01/01/2020,Afirme,Baja California,Noroeste,8. Creditos Hipotecarios (incluye destinos del credito 0+1+2+3+7),,1.0,0.0,,,,,,,,,Mas de 60 y hasta 70%,,
Aforo,01/01/2020,Afirme,Baja California,Noroeste,8. Creditos Hipotecarios (incluye destinos del credito 0+1+2+3+7),,2.0,0.0,,,,,,,,,Mas de 70 y hasta 80%,,
Aforo,01/01/2020,Afirme,Baja California,Noroeste,8. Creditos Hipotecarios (incluye destinos del credito 0+1+2+3+7),,1.0,0.0,,,,,,,,,Mas de 80 y hasta 90%,,
Aforo,01/01/2020,Afirme,Coahuila,Noreste,2. Adquisicion de vivienda,,2.0,0.0,,,,,,,,,Mas de 80 y hasta 90%,,
Aforo,01/01/2020,Afirme,Coahuila,Noreste,4. Pago de Pasivos Hipotecarios,,1.0,0.0,,,,,,,,,Mas de 60 y hasta 70%,,
Aforo,01/01/2020,Afirme,Coahuila,Noreste,8. Creditos Hipotecarios (incluye destinos del credito 0+1+2+3+7),,2.0,0.0,,,,,,,,,Mas de 80 y hasta 90%,,
Aforo,01/01/2020,Afirme,Colima,Occidente,1. Construccion,,1.0,0.0,,,,,,,,,Entre 25 y 50 %,,
Aforo,01/01/2020,Afirme,Colima,Occidente,1. Construccion,,2.0,0.0,,,,,,,,,Mas de 60 y hasta 70%,,
Aforo,01/01/2020,Afirme,Colima,Occidente,1. Construccion,,1.0,0.0,,,,,,,,,Mas de 70 y hasta 80%,,
Aforo,01/01/2020,Afirme,Colima,Occidente,2. Adquisicion de vivienda,,2.0,0.0,,,,,,,,,Mas de 80 y hasta 90%,,
Aforo,01/01/2020,Afirme,Colima,Occidente,8. Creditos Hipotecarios (incluye destinos del credito 0+1+2+3+7),,1.0,0.0,,,,,,,,,Entre 25 y 50 %,,
Aforo,01/01/2020,Afirme,Colima,Occidente,8. Creditos Hipotecarios (incluye destinos del credito 0+1+2+3+7),,2.0,0.0,,,,,,,,,Mas de 60 y hasta 70%,,
Aforo,01/01/2020,Afirme,Colima,Occidente,8. Creditos Hipotecarios (incluye destinos del credito 0+1+2+3+7),,1.0,0.0,,,,,,,,,Mas de 70 y hasta 80%,,
Aforo,01/01/2020,Afirme,Colima,Occidente,8. Creditos Hipotecarios (incluye destinos del credito 0+1+2+3+7),,2.0,0.0,,,,,,,,,Mas de 80 y hasta 90%,,
Aforo,01/01/2020,Afirme,Chihuahua,Noroeste,1. Construccion,,1.0,0.0,,,,,,,,,Mas de 80 y hasta 90%,,
Aforo,01/01/2020,Afirme,Chihuahua,Noroeste,2. Adquisicion de vivienda,,1.0,0.0,,,,,,,,,Mas de 80 y hasta 90%,,
Aforo,01/01/2020,Afirme,Chihuahua,Noroeste,8. Creditos Hipotecarios (incluye destinos del credito 0+1+2+3+7),,2.0,0.0,,,,,,,,,Mas de 80 y hasta 90%,,
Aforo,01/01/2020,Afirme,Ciudad De Mexico,Metropolitana,4. Pago de Pasivos Hipotecarios,,1.0,0.0,,,,,,,,,Mas de 70 y hasta 80%,,
Aforo,01/01/2020,Afirme,Ciudad De Mexico,Metropolitana,5. Credito para Liquidez,,1.0,0.0,,,,,,,,,Menor a 25%,,
Aforo,01/01/2020,Afirme,Guanajuato,Bajio,2. Adquisicion de vivienda,,1.0,0.0,,,,,,,,,Mas de 60 y hasta 70%,,
Aforo,01/01/2020,Afirme,Guanajuato,Bajio,2. Adquisicion de vivienda,,2.0,0.0,,,,,,,,,Mas de 70 y hasta 80%,,
Aforo,01/01/2020,Afirme,Guanajuato,Bajio,8. Creditos Hipotecarios (incluye destinos del credito 0+1+2+3+7),,1.0,0.0,,,,,,,,,Mas de 60 y hasta 70%,,
Aforo,01/01/2020,Afirme,Guanajuato,Bajio,8. Creditos Hipotecarios (incluye destinos del credito 0+1+2+3+7),,2.0,0.0,,,,,,,,,Mas de 70 y hasta 80%,,
Aforo,01/01/2020,Afirme,Guerrero,Sur,1. Construccion,,1.0,0.0,,,,,,,,,Menor a 25%,,
Aforo,01/01/2020,Afirme,Guerrero,Sur,2. Adquisicion de vivienda,,1.0,0.0,,,,,,,,,Entre 25 y 50 %,,
Aforo,01/01/2020,Afirme,Guerrero,Sur,8. Creditos Hipotecarios (incluye destinos del credito 0+1+2+3+7),,1.0,0.0,,,,,,,,,Menor a 25%,,
Aforo,01/01/2020,Afirme,Guerrero,Sur,8. Creditos Hipotecarios (incluye destinos del credito 0+1+2+3+7),,1.0,0.0,,,,,,,,,Entre 25 y 50 %,,
Aforo,01/01/2020,Afirme,Jalisco,Occidente,1. Construccion,,1.0,0.0,,,,,,,,,Menor a 25%,,
Aforo,01/01/2020,Afirme,Jalisco,Occidente,1. Construccion,,1.0,0.0,,,,,,,,,Entre 25 y 50 %,,
Aforo,01/01/2020,Afirme,Jalisco,Occidente,1. Construccion,,1.0,0.0,,,,,,,,,Mas de 60 y hasta 70%,,
Aforo,01/01/2020,Afirme,Jalisco,Occidente,2. Adquisicion de vivienda,,3.0,0.0,,,,,,,,,Mas de 80 y hasta 90%,,
Aforo,01/01/2020,Afirme,Jalisco,Occidente,4. Pago de Pasivos Hipotecarios,,1.0,0.0,,,,,,,,,Entre 25 y 50 %,,
Aforo,01/01/2020,Afirme,Jalisco,Occidente,4. Pago de Pasivos Hipotecarios,,2.0,0.0,,,,,,,,,Mas de 70 y hasta 80%,,
Aforo,01/01/2020,Afirme,Jalisco,Occidente,8. Creditos Hipotecarios (incluye destinos del credito 0+1+2+3+7),,1.0,0.0,,,,,,,,,Menor a 25%,,
Aforo,01/01/2020,Afirme,Jalisco,Occidente,8. Creditos Hipotecarios (incluye destinos del credito 0+1+2+3+7),,1.0,0.0,,,,,,,,,Entre 25 y 50 %,,
Aforo,01/01/2020,Afirme,Jalisco,Occidente,8. Creditos Hipotecarios (incluye destinos del credito 0+1+2+3+7),,1.0,0.0,,,,,,,,,Mas de 60 y hasta 70%,,
Aforo,01/01/2020,Afirme,Jalisco,Occidente,8. Creditos Hipotecarios (incluye destinos del credito 0+1+2+3+7),,3.0,0.0,,,,,,,,,Mas de 80 y hasta 90%,,
Aforo,01/01/2020,Afirme,Estado De Mexico,Metropolitana,4. Pago de Pasivos Hipotecarios,,2.0,0.0,,,,,,,,,Entre 25 y 50 %,,
Aforo,01/01/2020,Afirme,Michoacan,Occidente,1. Construccion,,1.0,0.0,,,,,,,,,Entre 25 y 50 %,,
Aforo,01/01/2020,Afirme,Michoacan,Occidente,1. Construccion,,1.0,0.0,,,,,,,,,Mas de 50 y hasta 60%,,
Aforo,01/01/2020,Afirme,Michoacan,Occidente,1. Construccion,,1.0,0.0,,,,,,,,,Mas de 70 y hasta 80%,,
Aforo,01/01/2020,Afirme,Michoacan,Occidente,2. Adquisicion de vivienda,,1.0,0.0,,,,,,,,,Entre 25 y 50 %,,
Aforo,01/01/2020,Afirme,Michoacan,Occidente,2. Adquisicion de vivienda,,1.0,0.0,,,,,,,,,Mas de 50 y hasta 60%,,
Aforo,01/01/2020,Afirme,Michoacan,Occidente,8. Creditos Hipotecarios (incluye destinos del credito 0+1+2+3+7),,2.0,0.0,,,,,,,,,Entre 25 y 50 %,,
Aforo,01/01/2020,Afirme,Michoacan,Occidente,8. Creditos Hipotecarios (incluye destinos del credito 0+1+2+3+7),,2.0,0.0,,,,,,,,,Mas de 50 y hasta 60%,,
Aforo,01/01/2020,Afirme,Michoacan,Occidente,8. Creditos Hipotecarios (incluye destinos del credito 0+1+2+3+7),,1.0,0.0,,,,,,,,,Mas de 70 y hasta 80%,,
Aforo,01/01/2020,Afirme,Morelos,Sur,1. Construccion,,2.0,0.0,,,,,,,,,Mas de 60 y hasta 70%,,
Aforo,01/01/2020,Afirme,Morelos,Sur,8. Creditos Hipotecarios (incluye destinos del credito 0+1+2+3+7),,2.0,0.0,,,,,,,,,Mas de 60 y hasta 70%,,
Aforo,01/01/2020,Afirme,Nuevo Leon,Noreste,1. Construccion,,2.0,0.0,,,,,,,,,Entre 25 y 50 %,,
Aforo,01/01/2020,Afirme,Nuevo Leon,Noreste,1. Construccion,,3.0,0.0,,,,,,,,,Mas de 60 y hasta 70%,,
Aforo,01/01/2020,Afirme,Nuevo Leon,Noreste,2. Adquisicion de vivienda,,1.0,0.0,,,,,,,,,Entre 25 y 50 %,,
Aforo,01/01/2020,Afirme,Nuevo Leon,Noreste,2. Adquisicion de vivienda,,2.0,0.0,,,,,,,,,Mas de 50 y hasta 60%,,
Aforo,01/01/2020,Afirme,Nuevo Leon,Noreste,2. Adquisicion de vivienda,,1.0,0.0,,,,,,,,,Mas de 60 y hasta 70%,,
Aforo,01/01/2020,Afirme,Nuevo Leon,Noreste,2. Adquisicion de vivienda,,3.0,0.0,,,,,,,,,Mas de 70 y hasta 80%,,
Aforo,01/01/2020,Afirme,Nuevo Leon,Noreste,2. Adquisicion de vivienda,,1.0,0.0,,,,,,,,,Mas de 80 y hasta 90%,,
Aforo,01/01/2020,Afirme,Nuevo Leon,Noreste,4. Pago de Pasivos Hipotecarios,,1.0,0.0,,,,,,,,,Entre 25 y 50 %,,
Aforo,01/01/2020,Afirme,Nuevo Leon,Noreste,8. Creditos Hipotecarios (incluye destinos del credito 0+1+2+3+7),,3.0,0.0,,,,,,,,,Entre 25 y 50 %,,
Aforo,01/01/2020,Afirme,Nuevo Leon,Noreste,8. Creditos Hipotecarios (incluye destinos del credito 0+1+2+3+7),,2.0,0.0,,,,,,,,,Mas de 50 y hasta 60%,,
Aforo,01/01/2020,Afirme,Nuevo Leon,Noreste,8. Creditos Hipotecarios (incluye destinos del credito 0+1+2+3+7),,4.0,0.0,,,,,,,,,Mas de 60 y hasta 70%,,
Aforo,01/01/2020,Afirme,Nuevo Leon,Noreste,8. Creditos Hipotecarios (incluye destinos del credito 0+1+2+3+7),,3.0,0.0,,,,,,,,,Mas de 70 y hasta 80%,,
Aforo,01/01/2020,Afirme,Nuevo Leon,Noreste,8. Creditos Hipotecarios (incluye destinos del credito 0+1+2+3+7),,1.0,0.0,,,,,,,,,Mas de 80 y hasta 90%,,
Aforo,01/01/2020,Afirme,Puebla,Sur,1. Construccion,,1.0,0.0,,,,,,,,,Menor a 25%,,
Aforo,01/01/2020,Afirme,Puebla,Sur,2. Adquisicion de vivienda,,1.0,0.0,,,,,,,,,Mas de 60 y hasta 70%,,
Aforo,01/01/2020,Afirme,Puebla,Sur,2. Adquisicion de vivienda,,1.0,0.0,,,,,,,,,Mas de 80 y hasta 90%,,
Aforo,01/01/2020,Afirme,Puebla,Sur,8. Creditos Hipotecarios (incluye destinos del credito 0+1+2+3+7),,1.0,0.0,,,,,,,,,Menor a 25%,,
Aforo,01/01/2020,Afirme,Puebla,Sur,8. Creditos Hipotecarios (incluye destinos del credito 0+1+2+3+7),,1.0,0.0,,,,,,,,,Mas de 60 y hasta 70%,,
Aforo,01/01/2020,Afirme,Puebla,Sur,8. Creditos Hipotecarios (incluye destinos del credito 0+1+2+3+7),,1.0,0.0,,,,,,,,,Mas de 80 y hasta 90%,,
Aforo,01/01/2020,Afirme,Queretaro,Bajio,2. Adquisicion de vivienda,,1.0,0.0,,,,,,,,,Mas de 70 y hasta 80%,,
Aforo,01/01/2020,Afirme,Queretaro,Bajio,8. Creditos Hipotecarios (incluye destinos del credito 0+1+2+3+7),,1.0,0.0,,,,,,,,,Mas de 70 y hasta 80%,,
Aforo,01/01/2020,Afirme,Quintana Roo,Sureste,2. Adquisicion de vivienda,,1.0,0.0,,,,,,,,,Mas de 60 y hasta 70%,,
Aforo,01/01/2020,Afirme,Quintana Roo,Sureste,8. Creditos Hipotecarios (incluye destinos del credito 0+1+2+3+7),,1.0,0.0,,,,,,,,,Mas de 60 y hasta 70%,,
Aforo,01/01/2020,Afirme,San Luis Potosi,Bajio,2. Adquisicion de vivienda,,1.0,0.0,,,,,,,,,Mas de 70 y hasta 80%,,
Aforo,01/01/2020,Afirme,San Luis Potosi,Bajio,8. Creditos Hipotecarios (incluye destinos del credito 0+1+2+3+7),,1.0,0.0,,,,,,,,,Mas de 70 y hasta 80%,,
Aforo,01/01/2020,Afirme,Sonora,Noroeste,2. Adquisicion de vivienda,,1.0,0.0,,,,,,,,,Mas de 80 y hasta 90%,,
Aforo,01/01/2020,Afirme,Sonora,Noroeste,4. Pago de Pasivos Hipotecarios,,1.0,0.0,,,,,,,,,Mas de 70 y hasta 80%,,
Aforo,01/01/2020,Afirme,Sonora,Noroeste,8. Creditos Hipotecarios (incluye destinos del credito 0+1+2+3+7),,1.0,0.0,,,,,,,,,Mas de 80 y hasta 90%,,
Aforo,01/01/2020,Afirme,Tamaulipas,Noreste,1. Construccion,,1.0,0.0,,,,,,,,,Entre 25 y 50 %,,
Aforo,01/01/2020,Afirme,Tamaulipas,Noreste,1. Construccion,,1.0,0.0,,,,,,,,,Mas de 60 y hasta 70%,,
Aforo,01/01/2020,Afirme,Tamaulipas,Noreste,8. Creditos Hipotecarios (incluye destinos del credito 0+1+2+3+7),,1.0,0.0,,,,,,,,,Entre 25 y 50 %,,
Aforo,01/01/2020,Afirme,Tamaulipas,Noreste,8. Creditos Hipotecarios (incluye destinos del credito 0+1+2+3+7),,1.0,0.0,,,,,,,,,Mas de 60 y hasta 70%,,
Aforo,01/02/2020,Afirme,Baja California,Noroeste,1. Construccion,,1.0,0.0,,,,,,,,,Mas de 50 y hasta 60%,,
Aforo,01/02/2020,Afirme,Baja California,Noroeste,1. Construccion,,1.0,0.0,,,,,,,,,Mas de 70 y hasta 80%,,
Aforo,01/02/2020,Afirme,Baja California,Noroeste,2. Adquisicion de vivienda,,1.0,0.0,,,,,,,,,Mas de 70 y hasta 80%,,
Aforo,01/02/2020,Afirme,Baja California,Noroeste,4. Pago de Pasivos Hipotecarios,,1.0,0.0,,,,,,,,,Entre 25 y 50 %,,
Aforo,01/02/2020,Afirme,Baja California,Noroeste,8. Creditos Hipotecarios (incluye destinos del credito 0+1+2+3+7),,1.0,0.0,,,,,,,,,Mas de 50 y hasta 60%,,
Aforo,01/02/2020,Afirme,Baja California,Noroeste,8. Creditos Hipotecarios (incluye destinos del credito 0+1+2+3+7),,2.0,0.0,,,,,,,,,Mas de 70 y hasta 80%,,
Aforo,01/02/2020,Afirme,Coahuila,Noreste,1. Construccion,,2.0,0.0,,,,,,,,,Entre 25 y 50 %,,
Aforo,01/02/2020,Afirme,Coahuila,Noreste,1. Construccion,,2.0,0.0,,,,,,,,,Mas de 50 y hasta 60%,,
Aforo,01/02/2020,Afirme,Coahuila,Noreste,1. Construccion,,2.0,0.0,,,,,,,,,Mas de 60 y hasta 70%,,
Aforo,01/02/2020,Afirme,Coahuila,Noreste,1. Construccion,,1.0,0.0,,,,,,,,,Mas de 70 y hasta 80%,,
Aforo,01/02/2020,Afirme,Coahuila,Noreste,2. Adquisicion de vivienda,,1.0,0.0,,,,,,,,,Mas de 60 y hasta 70%,,
